{"stats":{"minecraft:custom":{"minecraft:interact_with_furnace":7,"minecraft:mob_kills":14,"minecraft:interact_with_crafting_table":5,"minecraft:leave_game":2,"minecraft:time_since_death":72831,"minecraft:sleep_in_bed":3,"minecraft:time_since_rest":39129,"minecraft:sprint_one_cm":76664,"minecraft:damage_taken":360,"minecraft:walk_one_cm":92973,"minecraft:damage_dealt":1383,"minecraft:swim_one_cm":9543,"minecraft:fly_one_cm":238106,"minecraft:open_chest":1,"minecraft:crouch_one_cm":7542,"minecraft:play_time":80102,"minecraft:deaths":1,"minecraft:sneak_time":1318,"minecraft:walk_under_water_one_cm":8542,"minecraft:jump":543,"minecraft:walk_on_water_one_cm":1421,"minecraft:total_world_time":80102,"minecraft:fall_one_cm":19464},"minecraft:used":{"minecraft:cooked_mutton":4,"minecraft:stone_sword":24,"minecraft:chest":2,"minecraft:wooden_pickaxe":59,"minecraft:wooden_shovel":9,"minecraft:dirt":8,"minecraft:crafting_table":2,"minecraft:white_bed":1,"minecraft:wooden_axe":59,"minecraft:dark_oak_planks":357,"minecraft:apple":1,"minecraft:stone_axe":131,"minecraft:wooden_sword":8,"minecraft:oak_sapling":3,"minecraft:furnace":2,"minecraft:gray_wool":1},"minecraft:killed_by":{"minecraft:spider":1},"minecraft:mined":{"minecraft:dark_oak_planks":4,"minecraft:dark_oak_leaves":3,"minecraft:dark_oak_log":176,"minecraft:crafting_table":1,"minecraft:granite":9,"minecraft:grass_block":9,"minecraft:birch_leaves":1,"minecraft:oak_log":13,"minecraft:sand":2,"minecraft:dirt":6,"minecraft:stone":50,"minecraft:oak_leaves":6},"minecraft:crafted":{"minecraft:cooked_beef":3,"minecraft:wooden_sword":1,"minecraft:oak_planks":52,"minecraft:wooden_shovel":1,"minecraft:cooked_porkchop":6,"minecraft:crafting_table":1,"minecraft:wooden_pickaxe":1,"minecraft:furnace":2,"minecraft:stone_axe":1,"minecraft:cooked_mutton":7,"minecraft:air":0,"minecraft:stick":12,"minecraft:stone_pickaxe":1,"minecraft:wooden_axe":1,"minecraft:stone_sword":1,"minecraft:chest":2,"minecraft:white_bed":1,"minecraft:dark_oak_planks":184},"minecraft:picked_up":{"minecraft:wooden_axe":1,"minecraft:crafting_table":2,"minecraft:leather":3,"minecraft:wooden_pickaxe":1,"minecraft:oak_log":21,"minecraft:dirt":15,"minecraft:wooden_sword":1,"minecraft:apple":2,"minecraft:beef":9,"minecraft:oak_planks":4,"minecraft:stick":3,"minecraft:porkchop":10,"minecraft:sand":1,"minecraft:dark_oak_log":176,"minecraft:dark_oak_planks":28,"minecraft:arrow":2,"minecraft:granite":9,"minecraft:gray_wool":1,"minecraft:oak_sapling":3,"minecraft:mutton":7,"minecraft:white_wool":3,"minecraft:cobblestone":48},"minecraft:killed":{"minecraft:pig":5,"minecraft:sheep":4,"minecraft:skeleton":1,"minecraft:cow":4},"minecraft:broken":{"minecraft:stone_axe":1,"minecraft:wooden_axe":1,"minecraft:wooden_pickaxe":1}},"DataVersion":2975}